[
  {
    "id": "1700a186-5826-4442-b369-a6f2f948b067",
    "data": [
      {
        "text": "Book a ticket!",
        "userDefined": false
      }
    ],
    "isTemplate": false,
    "count": 0,
    "lang": "en",
    "updated": 0
  },
  {
    "id": "752b21e6-eb94-4af8-9bf5-2fadf881e345",
    "data": [
      {
        "text": "book a tciket!",
        "userDefined": false
      }
    ],
    "isTemplate": false,
    "count": 0,
    "lang": "en",
    "updated": 0
  },
  {
    "id": "e2b05a41-95bb-4420-97db-966abfd44e7b",
    "data": [
      {
        "text": "Please book a ticket for the bus",
        "userDefined": false
      }
    ],
    "isTemplate": false,
    "count": 0,
    "lang": "en",
    "updated": 0
  },
  {
    "id": "26ecdadf-14d1-4ae2-b7bc-e0d934e94b50",
    "data": [
      {
        "text": "please boook a ticket for me",
        "userDefined": false
      }
    ],
    "isTemplate": false,
    "count": 0,
    "lang": "en",
    "updated": 0
  },
  {
    "id": "dab4f1da-6754-411e-9fbc-b25447ee487b",
    "data": [
      {
        "text": "Ticket booking please",
        "userDefined": false
      }
    ],
    "isTemplate": false,
    "count": 0,
    "lang": "en",
    "updated": 0
  },
  {
    "id": "c8fc2ec9-9e79-4c40-bb81-9a095ea94a4f",
    "data": [
      {
        "text": "I want to book a ticket",
        "userDefined": false
      }
    ],
    "isTemplate": false,
    "count": 0,
    "lang": "en",
    "updated": 0
  },
  {
    "id": "fe917be2-eefd-40c3-b0f2-9f062e82bc6f",
    "data": [
      {
        "text": "i want to book a reservation",
        "userDefined": false
      }
    ],
    "isTemplate": false,
    "count": 0,
    "lang": "en",
    "updated": 0
  },
  {
    "id": "54a135bf-28bd-4f7f-98fb-ae345fcecf7b",
    "data": [
      {
        "text": "Reservation Please",
        "userDefined": false
      }
    ],
    "isTemplate": false,
    "count": 0,
    "lang": "en",
    "updated": 0
  }
]