[
  {
    "id": "303d8367-7776-4c92-a0d9-0bf02bef3482",
    "data": [
      {
        "text": "startars",
        "userDefined": false
      }
    ],
    "isTemplate": false,
    "count": 0,
    "lang": "en",
    "updated": 0
  },
  {
    "id": "b1f5f8f4-14e1-434f-ac69-18bc2d41ee50",
    "data": [
      {
        "text": "Starters",
        "userDefined": false
      }
    ],
    "isTemplate": false,
    "count": 0,
    "lang": "en",
    "updated": 0
  },
  {
    "id": "2ed36696-3fc2-4488-8b09-1ae65422a146",
    "data": [
      {
        "text": "startesrs",
        "userDefined": false
      }
    ],
    "isTemplate": false,
    "count": 0,
    "lang": "en",
    "updated": 0
  },
  {
    "id": "9e315c17-f892-4f95-9fb9-16275b3f8450",
    "data": [
      {
        "text": "starterts",
        "userDefined": false
      }
    ],
    "isTemplate": false,
    "count": 1,
    "lang": "en",
    "updated": 0
  }
]